index,cell_line,target,target_start,target_end,energy_w_by_exp_ARTH,mfe_offtarget,energy_w_by_exp_ARTH_overAbsMFE,seq_col
28907,U251,EEF1A1,21669,21675,-0.14266379999999995,-0.26748299328377995,0.5333565257685152,Original Transcript Sequence
28945,U251,SPARC,401,410,-0.06838890000000002,-0.1747248715193814,0.3914090730489618,Original Transcript Sequence
28946,U251,SPARC,401,410,-0.06838890000000002,-0.1747248715193814,0.3914090730489618,Original Transcript Sequence
28947,U251,SPARC,401,410,-0.06838890000000002,-0.1747248715193814,0.3914090730489618,Original Transcript Sequence
28948,U251,SPARC,401,410,-0.06838890000000002,-0.1747248715193814,0.3914090730489618,Original Transcript Sequence
28949,U251,SPARC,401,410,-0.06838890000000002,-0.1747248715193814,0.3914090730489618,Original Transcript Sequence
28950,U251,SPARC,401,410,-0.06838890000000002,-0.1747248715193814,0.3914090730489618,Original Transcript Sequence
28951,U251,SPARC,401,410,-0.06838890000000002,-0.1747248715193814,0.3914090730489618,Original Transcript Sequence
